StudentID,FirstName,LastName,Age,EmailAddress
342414,John,Doe,20,john.doe@example.com
835331,Jane,Smith,22,jane.smith@example.com
573829,Michael,Johnson,19,michael.johnson@example.com
126548,Emily,Williams,21,emily.williams@example.com
984756,William,Jones,23,william.jones@example.com
725408,Susan,Brown,20,susan.brown@example.com
369815,David,Miller,22,david.miller@example.com
237890,Sarah,Davis,21,sarah.davis@example.com
874325,James,Wilson,19,james.wilson@example.com
453670,Linda,Anderson,20,linda.anderson@example.com
685239,Charles,Thompson,23,charles.thompson@example.com
321908,Karen,Thomas,22,karen.thomas@example.com
289043,Robert,Moore,21,robert.moore@example.com
584267,Lisa,Jackson,19,lisa.jackson@example.com
975843,Joseph,Lee,20,joseph.lee@example.com
736418,Betty,Hall,22,betty.hall@example.com
190846,Richard,Wright,21,richard.wright@example.com
362714,Nancy,Allen,19,nancy.allen@example.com
681902,Edward,Young,20,edward.young@example.com
876351,Helen,Hernandez,22,helen.hernandez@example.com
452789,Christopher,King,21,christopher.king@example.com
637415,Mary,Lopez,19,mary.lopez@example.com
958431,Patricia,Hill,20,patricia.hill@example.com
732615,Thomas,Scott,22,thomas.scott@example.com
405821,Dorothy,Green,21,dorothy.green@example.com
174630,Matthew,Adams,19,matthew.adams@example.com
726540,Kimberly,Baker,20,kimberly.baker@example.com
930265,Donald,Gonzalez,22,donald.gonzalez@example.com
286759,Carol,Evans,21,carol.evans@example.com
465139,Paula,Carter,19,paula.carter@example.com
245367,George,Morris,20,george.morris@example.com
539671,Laura,Rogers,22,laura.rogers@example.com
678431,Kenneth,Gutierrez,21,kenneth.gutierrez@example.com
241679,Pamela,Perez,19,pamela.perez@example.com
736458,Sandra,Cooper,20,sandra.cooper@example.com
845216,Steven,Morgan,22,steven.morgan@example.com
321897,Deborah,Murphy,21,deborah.murphy@example.com
762984,Edward,Rivera,19,edward.rivera@example.com
318546,Sharon,Collins,20,sharon.collins@example.com
852374,Daniel,Bell,22,daniel.bell@example.com
285749,Kathleen,Powell,21,kathleen.powell@example.com
465391,Scott,Cook,19,scott.cook@example.com
135489,Jennifer,Torres,20,jennifer.torres@example.com
930871,Barbara,Price,22,barbara.price@example.com
176548,Mark,Bailey,21,mark.bailey@example.com
329751,Donna,Hayes,19,donna.hayes@example.com
146589,Andrew,Reyes,20,andrew.reyes@example.com
745602,Nicole,Long,22,nicole.long@example.com
351649,Roger,Foster,21,roger.foster@example.com
549683,Gregory,Collins,19,gregory.collins@example.com
735216,Christine,Flores,20,christine.flores@example.com
635492,Sara,Ward,22,sara.ward@example.com
740168,Justin,Butler,21,justin.butler@example.com
529476,Kathryn,Barnes,19,kathryn.barnes@example.com
245697,Terry,Gutierrez,20,terry.gutierrez@example.com
719832,Jacqueline,Foster,22,jacqueline.foster@example.com
465873,Keith,Flores,21,keith.flores@example.com
684537,Rachel,Ramirez,19,rachel.ramirez@example.com
398725,Amanda,James,20,amanda.james@example.com
958462,Harry,Perry,22,harry.perry@example.com
538197,Joyce,Wright,21,joyce.wright@example.com
984527,Benjamin,Edwards,19,benjamin.edwards@example.com
736541,Diane,Watson,20,diane.watson@example.com
685243,Frances,Price,22,frances.price@example.com
358274,Martin,Gonzalez,21,martin.gonzalez@example.com
547890,Randy,Stewart,19,randy.stewart@example.com
295187,Gerald,Parker,20,gerald.parker@example.com
594638,Rose,Richardson,22,rose.richardson@example.com
178943,Anne,Fisher,21,anne.fisher@example.com
728416,Harry,Reed,19,harry.reed@example.com
382956,Victoria,Hernandez,20,victoria.hernandez@example.com
623547,Billy,Nguyen,22,billy.nguyen@example.com
751289,Alice,Patterson,21,alice.patterson@example.com
916857,Julia,Gomez,19,julia.gomez@example.com
135869,Carl,Garcia,20,carl.garcia@example.com
382654,Janet,Brown,22,janet.brown@example.com
791345,Willie,Stewart,21,willie.stewart@example.com
694753,Evelyn,Phillips,19,evelyn.phillips@example.com
319674,Marie,Watson,20,marie.watson@example.com
832547,Fred,Kelly,22,fred.kelly@example.com
495873,Louise,Martin,21,louise.martin@example.com
639752,Ernest,Flores,19,ernest.flores@example.com
526413,Amy,Campbell,21,amy.campbell@example.com
194687,Wayne,Collins,20,wayne.collins@example.com
345871,Judy,Watson,22,judy.watson@example.com
589417,Billy,Ross,19,billy.ross@example.com
293874,Carolyn,Barnes,20,carolyn.barnes@example.com
548372,Victor,Reed,21,victor.reed@example.com
915473,Jessica,Harris,19,jessica.harris@example.com
635298,Phillip,Gray,20,phillip.gray@example.com
724918,Patrick,Foster,19,patrick.foster@example.com
182946,Jane,Cooper,20,jane.cooper@example.com
457392,Larry,Hall,21,larry.hall@example.com
836124,Marilyn,Green,19,marilyn.green@example.com
591734,Fred,Campbell,20,fred.campbell@example.com
269185,Susan,Perez,21,susan.perez@example.com
974612,Ralph,Young,19,ralph.young@example.com
358147,Kelly,Adams,20,kelly.adams@example.com
926418,Gary,Harris,21,gary.harris@example.com

382725,Hamza,Aamir,24,hamza.aamir@gmail.com